{
"Latitude":[50.42853814048002, -68.54776579186229, -38.97709959861348, 23.777176],
"name":"habijabi",
"Longitude":[-58.43445288690742, 25.295447301768146, 70.1190967779334, 90.399452]
}